tst,dt,flare_type,chi_sq,red_chi_sq,solar_zenith_angle,emiss_angle,sat_alt,tint,Element_26,Element_26_err,Element_22,Element_22_err,Element_20,Element_20_err,Element_14,Element_14_err,Element_13,Element_13_err,Element_12,Element_12_err,Element_11,Element_11_err,Element_8,Element_8_err
20200529T104516257_20200529T104524257,20200529,M,4579.669125705165,40.88990290808183,43.9176,1.1780413e-09,108.356,8.0,4.131319007642603,378.7332688771678,0.953245998289962,189.27220608091258,6.59036240610283,1603.1561971788665,14.133518913729644,2521.069028974942,4.950249774004661,745.8039558328164,0.4165603880446505,58.87635311759496,45.0,0.0,7567.854450987885,620151.0017535008
20200529T104524257_20200529T104532257,20200529,M,3776.159919221566,33.715713564478264,44.2288,2.0949131e-09,108.389,8.0,0.6146775077610158,980.4308305615557,2.463533127159891,643.5331452310506,6.591554054527656,2039.3370304137525,14.996995113683298,6681.947900453535,8.987452953585304,2727.1647466861036,0.9262320153569126,160.13023749528054,45.0,0.0,3932.376844205338,409572.01079096016
20200529T104532257_20200529T104540257,20200529,M,1581.4596895262712,14.120175799341707,44.5412,2.1367317e-09,108.421,8.0,0.6191828293836075,269.15520692002855,0.6264627498937493,41.9210443636945,8.019605286485252,604.3730699567216,14.996556956557814,1506.7283430239156,3.0000265334258494,243.07514285725483,0.569076011220036,23.764442892021098,45.0,0.0,28014.317757040368,732189.1759775991
20200529T104540257_20200529T104548257,20200529,M,1832.3312753336031,16.360100672621456,44.8547,8.5264411e-10,108.452,8.0,0.6188252840603976,229.66082327495602,0.5512634832889186,28.239694823211188,9.42715724634901,529.0228841621135,14.999999868965734,1246.2147301491063,3.0065522946857626,104.44944136415141,0.4182697885163064,13.363601395899826,45.0,0.0,37635.134425629025,738198.0884735984
20200529T104548257_20200529T104556257,20200529,M,1684.7177350414663,15.042122634298806,45.1694,1.7444518e-09,108.484,8.0,12.993197914122566,467.61201988761974,0.5337385711629887,40.769335189291574,6.5912144543076545,480.53107629119864,14.997201271434712,1530.001480555153,3.0000101324239146,290.8053404571726,0.510405667691634,20.749142783323382,45.0,0.0,48104.20239352191,1162936.4562829484
